Workbook

Sheet CLEAN
A1: 주문번호 | B1: 주문일 | C1: 거래처명 | D1: 지역 | E1: 제품군 | F1: 제품명 | G1: 수량 | H1: 단가 | I1: 매출액 | J1: 담당자 | K1: 결제상태 | L1: 월
A2: ORD-2026-0001 | B2: 46023 | C2: 두리물류 | D2: 경기 | E2: 서비스 | F2: 정기 점검 | G2: 3 | H2: 500000 | I2: 1500000 | J2: 이서연 | K2: 완료 | L2: 1
A3: ORD-2026-0002 | B3: 46024 | C3: 동양정밀 | D3: 인천 | E3: 소모품 | F3: 절연 테이프(50개) | G3: 159 | H3: 15000 | I3: 2385000 | J3: 정우진 | K3: 완료 | L3: 1
A4: ORD-2026-0003 | B4: 46025 | C4: 명진화학 | D4: 울산 | E4: 모듈 | F4: 제어 모듈 CM-100 | G4: 8 | H4: 650000 | I4: 5200000 | J4: 이서연 | K4: 취소 | L4: 1
A5: ORD-2026-0004 | B5: 46026 | C5: 명진화학 | D5: 울산 | E5: 서비스 | F5: 기술 교육(1일) | G5: 1 | H5: 1200000 | I5: 1200000 | J5: 박지훈 | K5: 대기 | L5: 1
A6: ORD-2026-0005 | B6: 46026 | C6: 가온테크 | D6: 서울 | E6: 소모품 | F6: 필터 카트리지 | G6: 54 | H6: 22000 | I6: 1188000 | J6: 박지훈 | K6: 완료 | L6: 1
A7: ORD-2026-0006 | B7: 46029 | C7: 두리물류 | D7: 경기 | E7: 소모품 | F7: 윤활유 20L | G7: 61 | H7: 38000 | I7: 2318000 | J7: 정우진 | K7: 완료 | L7: 1
A8: ORD-2026-0007 | B8: 46029 | C8: 동양정밀 | D8: 인천 | E8: 부품 | F8: 베어링 세트 | G8: 25 | H8: 45000 | I8: 1125000 | J8: 최수아 | K8: 완료 | L8: 1
A9: ORD-2026-0008 | B9: 46030 | C9: 신영유통 | D9: 인천 | E9: 서비스 | F9: 기술 교육(1일) | G9: 1 | H9: 1200000 | I9: 1200000 | J9: 최수아 | K9: 완료 | L9: 1
A10: ORD-2026-0009 | B10: 46031 | C10: 대성물산 | D10: 경기 | E10: 서비스 | F10: 기술 교육(1일) | G10: 1 | H10: 1200000 | I10: 1200000 | J10: 이서연 | K10: 대기 | L10: 1
A11: ORD-2026-0010 | B11: 46031 | C11: 세진통상 | D11: 경기 | E11: 부품 | F11: 베어링 세트 | G11: 20 | H11: 45000 | I11: 900000 | J11: 최수아 | K11: 대기 | L11: 1
A12: ORD-2026-0011 | B12: 46032 | C12: 유성전기 | D12: 대전 | E12: 모듈 | F12: 통신 모듈 TM-5 | G12: 11 | H12: 290000 | I12: 3190000 | J12: 이서연 | K12: 완료 | L12: 1
A13: ORD-2026-0012 | B13: 46033 | C13: 두리물류 | D13: 경기 | E13: 서비스 | F13: 기술 교육(1일) | G13: 3 | H13: 1200000 | I13: 3600000 | J13: 정우진 | K13: 완료 | L13: 1
... A241: ORD-2026-0240 | B241: 46203 | C241: 동양정밀 | D241: 인천 | E241: 모듈 | F241: 제어 모듈 CM-100 | G241: 6 | H241: 650000 | I241: 3900000 | J241: 최수아 | K241: 완료 | L241: 6

Sheet ANALYSIS
A1: 지역별 집계
A2: 지역 | B2: 주문건수 | C2: 매출액(완료) | D2: 평균 주문금액
A3: 서울 | B3: =COUNTIFS(CLEAN!$D$2:$D$241,A3,CLEAN!$K$2:$K$241,"완료") | C3: =SUMIFS(CLEAN!$I$2:$I$241,CLEAN!$D$2:$D$241,A3,CLEAN!$K$2:$K$241,"완료") | D3: =IFERROR(C3/B3,0)
A4: 경기 | B4: =COUNTIFS(CLEAN!$D$2:$D$241,A4,CLEAN!$K$2:$K$241,"완료") | C4: =SUMIFS(CLEAN!$I$2:$I$241,CLEAN!$D$2:$D$241,A4,CLEAN!$K$2:$K$241,"완료") | D4: =IFERROR(C4/B4,0)
A5: 인천 | B5: =COUNTIFS(CLEAN!$D$2:$D$241,A5,CLEAN!$K$2:$K$241,"완료") | C5: =SUMIFS(CLEAN!$I$2:$I$241,CLEAN!$D$2:$D$241,A5,CLEAN!$K$2:$K$241,"완료") | D5: =IFERROR(C5/B5,0)
A6: 대전 | B6: =COUNTIFS(CLEAN!$D$2:$D$241,A6,CLEAN!$K$2:$K$241,"완료") | C6: =SUMIFS(CLEAN!$I$2:$I$241,CLEAN!$D$2:$D$241,A6,CLEAN!$K$2:$K$241,"완료") | D6: =IFERROR(C6/B6,0)
A7: 대구 | B7: =COUNTIFS(CLEAN!$D$2:$D$241,A7,CLEAN!$K$2:$K$241,"완료") | C7: =SUMIFS(CLEAN!$I$2:$I$241,CLEAN!$D$2:$D$241,A7,CLEAN!$K$2:$K$241,"완료") | D7: =IFERROR(C7/B7,0)
A8: 부산 | B8: =COUNTIFS(CLEAN!$D$2:$D$241,A8,CLEAN!$K$2:$K$241,"완료") | C8: =SUMIFS(CLEAN!$I$2:$I$241,CLEAN!$D$2:$D$241,A8,CLEAN!$K$2:$K$241,"완료") | D8: =IFERROR(C8/B8,0)
A9: 울산 | B9: =COUNTIFS(CLEAN!$D$2:$D$241,A9,CLEAN!$K$2:$K$241,"완료") | C9: =SUMIFS(CLEAN!$I$2:$I$241,CLEAN!$D$2:$D$241,A9,CLEAN!$K$2:$K$241,"완료") | D9: =IFERROR(C9/B9,0)
A10: 광주 | B10: =COUNTIFS(CLEAN!$D$2:$D$241,A10,CLEAN!$K$2:$K$241,"완료") | C10: =SUMIFS(CLEAN!$I$2:$I$241,CLEAN!$D$2:$D$241,A10,CLEAN!$K$2:$K$241,"완료") | D10: =IFERROR(C10/B10,0)
A13: 제품군별 집계
A15: 제품군 | B15: 주문건수 | C15: 매출액(완료) | D15: 매출 비중
A16: 부품 | B16: =COUNTIFS(CLEAN!$E$2:$E$241,A16,CLEAN!$K$2:$K$241,"완료") | C16: =SUMIFS(CLEAN!$I$2:$I$241,CLEAN!$E$2:$E$241,A16,CLEAN!$K$2:$K$241,"완료") | D16: =IFERROR(C16/SUM($C$16:$C$19),0)
A17: 모듈 | B17: =COUNTIFS(CLEAN!$E$2:$E$241,A17,CLEAN!$K$2:$K$241,"완료") | C17: =SUMIFS(CLEAN!$I$2:$I$241,CLEAN!$E$2:$E$241,A17,CLEAN!$K$2:$K$241,"완료") | D17: =IFERROR(C17/SUM($C$16:$C$19),0)
A18: 소모품 | B18: =COUNTIFS(CLEAN!$E$2:$E$241,A18,CLEAN!$K$2:$K$241,"완료") | C18: =SUMIFS(CLEAN!$I$2:$I$241,CLEAN!$E$2:$E$241,A18,CLEAN!$K$2:$K$241,"완료") | D18: =IFERROR(C18/SUM($C$16:$C$19),0)
A19: 서비스 | B19: =COUNTIFS(CLEAN!$E$2:$E$241,A19,CLEAN!$K$2:$K$241,"완료") | C19: =SUMIFS(CLEAN!$I$2:$I$241,CLEAN!$E$2:$E$241,A19,CLEAN!$K$2:$K$241,"완료") | D19: =IFERROR(C19/SUM($C$16:$C$19),0)
A21: 월별 집계
A22: 월 | B22: 주문건수 | C22: 매출액(완료) | D22: 전월 대비
A23: 1 | B23: =COUNTIFS(CLEAN!$L$2:$L$241,A23,CLEAN!$K$2:$K$241,"완료") | C23: =SUMIFS(CLEAN!$I$2:$I$241,CLEAN!$L$2:$L$241,A23,CLEAN!$K$2:$K$241,"완료")
A24: 2 | B24: =COUNTIFS(CLEAN!$L$2:$L$241,A24,CLEAN!$K$2:$K$241,"완료") | C24: =SUMIFS(CLEAN!$I$2:$I$241,CLEAN!$L$2:$L$241,A24,CLEAN!$K$2:$K$241,"완료") | D24: =IFERROR(C24/C23-1,0)
A25: 3 | B25: =COUNTIFS(CLEAN!$L$2:$L$241,A25,CLEAN!$K$2:$K$241,"완료") | C25: =SUMIFS(CLEAN!$I$2:$I$241,CLEAN!$L$2:$L$241,A25,CLEAN!$K$2:$K$241,"완료") | D25: =IFERROR(C25/C24-1,0)
A26: 4 | B26: =COUNTIFS(CLEAN!$L$2:$L$241,A26,CLEAN!$K$2:$K$241,"완료") | C26: =SUMIFS(CLEAN!$I$2:$I$241,CLEAN!$L$2:$L$241,A26,CLEAN!$K$2:$K$241,"완료") | D26: =IFERROR(C26/C25-1,0)
A27: 5 | B27: =COUNTIFS(CLEAN!$L$2:$L$241,A27,CLEAN!$K$2:$K$241,"완료") | C27: =SUMIFS(CLEAN!$I$2:$I$241,CLEAN!$L$2:$L$241,A27,CLEAN!$K$2:$K$241,"완료") | D27: =IFERROR(C27/C26-1,0)
A28: 6 | B28: =COUNTIFS(CLEAN!$L$2:$L$241,A28,CLEAN!$K$2:$K$241,"완료") | C28: =SUMIFS(CLEAN!$I$2:$I$241,CLEAN!$L$2:$L$241,A28,CLEAN!$K$2:$K$241,"완료") | D28: =IFERROR(C28/C27-1,0)

Sheet KPI
A1: KPI | B1: 값 | C1: 수식 설명
A2: 총 매출액(완료) | B2: =SUMIFS(CLEAN!$I$2:$I$241,CLEAN!$K$2:$K$241,"완료") | C2: 결제상태가 완료인 건만 더한다
A3: 주문건수(완료) | B3: =COUNTIFS(CLEAN!$K$2:$K$241,"완료") | C3: 완료 건수
A4: 평균 주문금액 | B4: =IFERROR(B2/B3,0) | C4: 총 매출 ÷ 건수
A5: 취소율 | B5: =COUNTIFS(CLEAN!$K$2:$K$241,"취소")/COUNTA(CLEAN!$A$2:$A$241) | C5: 취소 건수 ÷ 전체 건수
A6: 거래처 수 | B6: =SUMPRODUCT(1/COUNTIF(CLEAN!$C$2:$C$241,CLEAN!$C$2:$C$241)) | C6: 고유 거래처 수
A8: 상위 5 거래처(완료 매출)
A9: 순위 | B9: 거래처명 | C9: 매출액
A10: 1 | B10: 동양정밀 | C10: 50955000
A11: 2 | B11: 제일산업 | C11: 49830000
A12: 3 | B12: 한빛전자 | C12: 45878000
A13: 4 | B13: 삼일기계 | C13: 43796000
A14: 5 | B14: 가온테크 | C14: 42215000
