Workbook

Sheet CLEAN_CALC
A1: 일자 | B1: 교대 | C1: 공정코드 | D1: 공정 | E1: 설비 | F1: 계획가동_분 | G1: 비가동_분 | H1: 주요비가동사유 | I1: 이론CT_초 | J1: 생산수량 | K1: 양품수량 | L1: 원료로트 | M1: 운전시간_분 | N1: 가동률 | O1: 성능 | P1: 양품률 | Q1: OEE
A2: 2026-07-01 | B2: 주간 | C2: P1 | D2: 원료혼합 | E2: MX-01 | F2: 480 | G2: 26 | H2: 배합 확인 | I2: 5 | J2: 4988 | K2: 4958 | L2: L-0701 | M2: =F2-G2 | N2: =M2/F2 | O2: =I2*J2/60/M2 | P2: =K2/J2 | Q2: =N2*O2*P2
A3: 2026-07-01 | B3: 주간 | C3: P1 | D3: 원료혼합 | E3: MX-02 | F3: 480 | G3: 32 | H3: 원료 대기 | I3: 5 | J3: 5322 | K3: 5297 | L3: L-0701 | M3: =F3-G3 | N3: =M3/F3 | O3: =I3*J3/60/M3 | P3: =K3/J3 | Q3: =N3*O3*P3
A4: 2026-07-01 | B4: 주간 | C4: P2 | D4: 성형 | E4: PR-01 | F4: 480 | G4: 24 | H4: 금형 교체 | I4: 6 | J4: 4445 | K4: 4397 | L4: L-0701 | M4: =F4-G4 | N4: =M4/F4 | O4: =I4*J4/60/M4 | P4: =K4/J4 | Q4: =N4*O4*P4
A5: 2026-07-01 | B5: 주간 | C5: P2 | D5: 성형 | E5: PR-02 | F5: 480 | G5: 31 | H5: 금형 교체 | I5: 6 | J5: 4264 | K5: 4220 | L5: L-0701 | M5: =F5-G5 | N5: =M5/F5 | O5: =I5*J5/60/M5 | P5: =K5/J5 | Q5: =N5*O5*P5
A6: 2026-07-01 | B6: 주간 | C6: P3 | D6: 소결 | E6: SF-01 | F6: 480 | G6: 12 | H6: 승온 대기 | I6: 6.5 | J6: 4065 | K6: 3952 | L6: L-0701 | M6: =F6-G6 | N6: =M6/F6 | O6: =I6*J6/60/M6 | P6: =K6/J6 | Q6: =N6*O6*P6
A7: 2026-07-01 | B7: 주간 | C7: P3 | D7: 소결 | E7: SF-02 | F7: 480 | G7: 45 | H7: 승온 대기 | I7: 6.5 | J7: 3572 | K7: 3504 | L7: L-0701 | M7: =F7-G7 | N7: =M7/F7 | O7: =I7*J7/60/M7 | P7: =K7/J7 | Q7: =N7*O7*P7
A8: 2026-07-01 | B8: 주간 | C8: P4 | D8: 연삭 | E8: GR-01 | F8: 480 | G8: 64 | H8: 공구 교체 | I8: 6.2 | J8: 3707 | K8: 3671 | L8: L-0701 | M8: =F8-G8 | N8: =M8/F8 | O8: =I8*J8/60/M8 | P8: =K8/J8 | Q8: =N8*O8*P8
A9: 2026-07-01 | B9: 주간 | C9: P4 | D9: 연삭 | E9: GR-02 | F9: 480 | G9: 35 | H9: 공구 교체 | I9: 6.2 | J9: 4002 | K9: 3955 | L9: L-0701 | M9: =F9-G9 | N9: =M9/F9 | O9: =I9*J9/60/M9 | P9: =K9/J9 | Q9: =N9*O9*P9
A10: 2026-07-01 | B10: 주간 | C10: P5 | D10: 검사 | E10: IN-01 | F10: 480 | G10: 10 | H10: 측정기 교정 | I10: 5.5 | J10: 4644 | K10: 4631 | L10: L-0701 | M10: =F10-G10 | N10: =M10/F10 | O10: =I10*J10/60/M10 | P10: =K10/J10 | Q10: =N10*O10*P10
A11: 2026-07-01 | B11: 주간 | C11: P5 | D11: 검사 | E11: IN-02 | F11: 480 | G11: 46 | H11: 측정기 교정 | I11: 5.5 | J11: 4118 | K11: 4105 | L11: L-0701 | M11: =F11-G11 | N11: =M11/F11 | O11: =I11*J11/60/M11 | P11: =K11/J11 | Q11: =N11*O11*P11
A12: 2026-07-01 | B12: 주간 | C12: P6 | D12: 포장 | E12: PK-01 | F12: 480 | G12: 9 | H12: 자재 대기 | I12: 4.8 | J12: 5468 | K12: 5454 | L12: L-0701 | M12: =F12-G12 | N12: =M12/F12 | O12: =I12*J12/60/M12 | P12: =K12/J12 | Q12: =N12*O12*P12
A13: 2026-07-01 | B13: 주간 | C13: P6 | D13: 포장 | E13: PK-02 | F13: 480 | G13: 30 | H13: 라벨 교체 | I13: 4.8 | J13: 5148 | K13: 5137 | L13: L-0701 | M13: =F13-G13 | N13: =M13/F13 | O13: =I13*J13/60/M13 | P13: =K13/J13 | Q13: =N13*O13*P13
... A1489: 2026-08-31 | B1489: 야간 | C1489: P6 | D1489: 포장 | E1489: PK-02 | F1489: 480 | G1489: 14 | H1489: 라벨 교체 | I1489: 4.8 | J1489: 5510 | K1489: 5490 | L1489: L-0821 | M1489: =F1489-G1489 | N1489: =M1489/F1489 | O1489: =I1489*J1489/60/M1489 | P1489: =K1489/J1489 | Q1489: =N1489*O1489*P1489

Sheet OEE_BY_PROCESS
A1: 공정 | B1: 계획(분) | C1: 운전(분) | D1: 이론시간(분) | E1: 생산 | F1: 양품 | G1: 가동률 | H1: 성능 | I1: 양품률 | J1: OEE
A2: 원료혼합 | B2: =SUMIFS(CLEAN_CALC!$F$2:$F$1489,CLEAN_CALC!$D$2:$D$1489,A2) | C2: =SUMIFS(CLEAN_CALC!$M$2:$M$1489,CLEAN_CALC!$D$2:$D$1489,A2) | D2: =SUMPRODUCT((CLEAN_CALC!$D$2:$D$1489=A2)*CLEAN_CALC!$I$2:$I$1489*CLEAN_CALC!$J$2:$J$1489)/60 | E2: =SUMIFS(CLEAN_CALC!$J$2:$J$1489,CLEAN_CALC!$D$2:$D$1489,A2) | F2: =SUMIFS(CLEAN_CALC!$K$2:$K$1489,CLEAN_CALC!$D$2:$D$1489,A2) | G2: =C2/B2 | H2: =D2/C2 | I2: =F2/E2 | J2: =G2*H2*I2
A3: 성형 | B3: =SUMIFS(CLEAN_CALC!$F$2:$F$1489,CLEAN_CALC!$D$2:$D$1489,A3) | C3: =SUMIFS(CLEAN_CALC!$M$2:$M$1489,CLEAN_CALC!$D$2:$D$1489,A3) | D3: =SUMPRODUCT((CLEAN_CALC!$D$2:$D$1489=A3)*CLEAN_CALC!$I$2:$I$1489*CLEAN_CALC!$J$2:$J$1489)/60 | E3: =SUMIFS(CLEAN_CALC!$J$2:$J$1489,CLEAN_CALC!$D$2:$D$1489,A3) | F3: =SUMIFS(CLEAN_CALC!$K$2:$K$1489,CLEAN_CALC!$D$2:$D$1489,A3) | G3: =C3/B3 | H3: =D3/C3 | I3: =F3/E3 | J3: =G3*H3*I3
A4: 소결 | B4: =SUMIFS(CLEAN_CALC!$F$2:$F$1489,CLEAN_CALC!$D$2:$D$1489,A4) | C4: =SUMIFS(CLEAN_CALC!$M$2:$M$1489,CLEAN_CALC!$D$2:$D$1489,A4) | D4: =SUMPRODUCT((CLEAN_CALC!$D$2:$D$1489=A4)*CLEAN_CALC!$I$2:$I$1489*CLEAN_CALC!$J$2:$J$1489)/60 | E4: =SUMIFS(CLEAN_CALC!$J$2:$J$1489,CLEAN_CALC!$D$2:$D$1489,A4) | F4: =SUMIFS(CLEAN_CALC!$K$2:$K$1489,CLEAN_CALC!$D$2:$D$1489,A4) | G4: =C4/B4 | H4: =D4/C4 | I4: =F4/E4 | J4: =G4*H4*I4
A5: 연삭 | B5: =SUMIFS(CLEAN_CALC!$F$2:$F$1489,CLEAN_CALC!$D$2:$D$1489,A5) | C5: =SUMIFS(CLEAN_CALC!$M$2:$M$1489,CLEAN_CALC!$D$2:$D$1489,A5) | D5: =SUMPRODUCT((CLEAN_CALC!$D$2:$D$1489=A5)*CLEAN_CALC!$I$2:$I$1489*CLEAN_CALC!$J$2:$J$1489)/60 | E5: =SUMIFS(CLEAN_CALC!$J$2:$J$1489,CLEAN_CALC!$D$2:$D$1489,A5) | F5: =SUMIFS(CLEAN_CALC!$K$2:$K$1489,CLEAN_CALC!$D$2:$D$1489,A5) | G5: =C5/B5 | H5: =D5/C5 | I5: =F5/E5 | J5: =G5*H5*I5
A6: 검사 | B6: =SUMIFS(CLEAN_CALC!$F$2:$F$1489,CLEAN_CALC!$D$2:$D$1489,A6) | C6: =SUMIFS(CLEAN_CALC!$M$2:$M$1489,CLEAN_CALC!$D$2:$D$1489,A6) | D6: =SUMPRODUCT((CLEAN_CALC!$D$2:$D$1489=A6)*CLEAN_CALC!$I$2:$I$1489*CLEAN_CALC!$J$2:$J$1489)/60 | E6: =SUMIFS(CLEAN_CALC!$J$2:$J$1489,CLEAN_CALC!$D$2:$D$1489,A6) | F6: =SUMIFS(CLEAN_CALC!$K$2:$K$1489,CLEAN_CALC!$D$2:$D$1489,A6) | G6: =C6/B6 | H6: =D6/C6 | I6: =F6/E6 | J6: =G6*H6*I6
A7: 포장 | B7: =SUMIFS(CLEAN_CALC!$F$2:$F$1489,CLEAN_CALC!$D$2:$D$1489,A7) | C7: =SUMIFS(CLEAN_CALC!$M$2:$M$1489,CLEAN_CALC!$D$2:$D$1489,A7) | D7: =SUMPRODUCT((CLEAN_CALC!$D$2:$D$1489=A7)*CLEAN_CALC!$I$2:$I$1489*CLEAN_CALC!$J$2:$J$1489)/60 | E7: =SUMIFS(CLEAN_CALC!$J$2:$J$1489,CLEAN_CALC!$D$2:$D$1489,A7) | F7: =SUMIFS(CLEAN_CALC!$K$2:$K$1489,CLEAN_CALC!$D$2:$D$1489,A7) | G7: =C7/B7 | H7: =D7/C7 | I7: =F7/E7 | J7: =G7*H7*I7

Sheet CPK_ANSWER
A1: 구분 | B1: n | C1: 평균 | D1: 표준편차 | E1: Cp | F1: Cpk
A2: SF-01 소결밀도 전체 | B2: 620 | C2: 96.2546 | D2: 0.3262 | F2: 1.28
A3: SF-01 소결외경 전체 | B3: 620 | C3: 10.2 | D3: 0.0203 | E3: 1.31 | F3: 1.31
A4: SF-01 소결밀도 PM전 | B4: 400 | C4: 96.3031 | D4: 0.3031 | F4: 1.43
A5: SF-01 소결외경 PM전 | B5: 400 | C5: 10.2 | D5: 0.0204 | E5: 1.31 | F5: 1.3
A6: SF-01 소결밀도 PM후 | B6: 220 | C6: 96.1665 | D6: 0.3483 | F6: 1.12
A7: SF-01 소결외경 PM후 | B7: 220 | C7: 10.2001 | D7: 0.0201 | E7: 1.33 | F7: 1.33
A8: SF-02 소결밀도 전체 | B8: 620 | C8: 96.0416 | D8: 0.5373 | F8: 0.65
A9: SF-02 소결외경 전체 | B9: 620 | C9: 10.1999 | D9: 0.0261 | E9: 1.02 | F9: 1.02
A10: SF-02 소결밀도 PM전 | B10: 400 | C10: 96.3546 | D10: 0.2933 | F10: 1.54
A11: SF-02 소결외경 PM전 | B11: 400 | C11: 10.199 | D11: 0.0197 | E11: 1.36 | F11: 1.34
A12: SF-02 소결밀도 PM후 | B12: 220 | C12: 95.4725 | D12: 0.3937 | F12: 0.4
A13: SF-02 소결외경 PM후 | B13: 220 | C13: 10.2015 | D13: 0.0348 | E13: 0.77 | F13: 0.75
A14: GR-01 연삭외경 전체 | B14: 620 | C14: 9.9993 | D14: 0.0119 | E14: 1.69 | F14: 1.66
A15: GR-02 연삭외경 전체 | B15: 620 | C15: 10.0008 | D15: 0.0113 | E15: 1.78 | F15: 1.75
